{
  "Total" : {
    "transaction" : "Total",
    "sampleCount" : 2,
    "errorCount" : 0,
    "errorPct" : 0.0,
    "meanResTime" : 458.5,
    "medianResTime" : 458.5,
    "minResTime" : 197.0,
    "maxResTime" : 720.0,
    "pct1ResTime" : 720.0,
    "pct2ResTime" : 720.0,
    "pct3ResTime" : 720.0,
    "throughput" : 0.4005607850991388,
    "receivedKBytesPerSec" : 23.662424268976565,
    "sentKBytesPerSec" : 0.17133361706388944
  },
  "HTTP Request" : {
    "transaction" : "HTTP Request",
    "sampleCount" : 2,
    "errorCount" : 0,
    "errorPct" : 0.0,
    "meanResTime" : 458.5,
    "medianResTime" : 458.5,
    "minResTime" : 197.0,
    "maxResTime" : 720.0,
    "pct1ResTime" : 720.0,
    "pct2ResTime" : 720.0,
    "pct3ResTime" : 720.0,
    "throughput" : 0.4005607850991388,
    "receivedKBytesPerSec" : 23.662424268976565,
    "sentKBytesPerSec" : 0.17133361706388944
  }
}